title,abstract,content,image
"Xót xa công sản, 'đất vàng' bỏ hoang nhưng... không bán được ở Buôn Ma Thuột","Nhiều trụ sở cũ, ""đất vàng"" ở Buôn Ma Thuột (Đắk Lắk) rộng hàng trăm, hàng ngàn mét vuông bỏ hoang nhiều năm, trở thành nơi tụ tập của các con nghiện, bến cóc xe dù... vô cùng lãng phí.","Trước tình trạng hàng chục trụ sở dôi dư, khu đất vàng nằm ở các trục đường trung tâm TP Buôn Ma Thuột bỏ hoang, lãnh đạo Sở Tài chính Đắk Lắk cho biết đã đề xuất nhiều phương án để giảm lãng phí nhưng chưa thực hiện được do nhiều vướng mắc.
Trong số hàng chục công sản bỏ hoang, ""nổi bật"" nhất là khu đất có tổng diện tích gần 1.000m2 nằm trên 3 tuyến đường sầm uất Phan Chu Trinh - Hai Bà Trưng - Quang Trung (phường Thắng Lợi, TP Buôn Ma Thuột).
Theo tìm hiểu, khu đất này trước đây là trụ sở Ủy ban Mặt trận Tổ quốc Việt Nam tỉnh Đắk Lắk (cũ) và Rạp phim Kim Đồng (nằm sát nhau) nhưng bỏ hoang từ năm 2020, các hạng mục xuống cấp trầm trọng.
Mặt tiền khu đất trở thành nơi kinh doanh cà phê, ẩm thực tự phát của người dân địa phương tạo cảnh tượng nhếch nhác, thậm chí biến thành nơi phóng uế của người đi đường.
Tương tự, khu ""đất vàng"" của Bệnh viện đa khoa Đắk Lắk (cũ) có diện tích hơn 42.645m² với 3 mặt tiền giáp đường Mai Hắc Đế cũng bị bỏ hoang từ năm 2018.
Được biết, tháng 8-2020, khu ""đất vàng"" này được Sở Tài chính tỉnh Đắk Lắk thông báo tổ chức bán đấu giá khu đất với tài sản gắn liền trên đất có giá khởi điểm gần 533,5 tỉ đồng nhưng không ai mua.
Sở Tài chính Đắk Lắk phải thuê nhân viên bảo vệ với số tiền lên đến hàng chục triệu đồng mỗi năm. Đây là một trong nhiều công trình bỏ hoang nhưng nhà nước phải chi tiền… bảo vệ.
Bệnh viện cũ bỏ hoang, cây mọc thành rừng bên trong còn bên ngoài khuôn viên là những quán hàng rong nhếch nhác. Thậm chí dù có bảo vệ nhưng ngay cổng ra vào đã biến thành bãi tập kết hàng hóa và hàng loạt ""xe dù, bến cóc"" nhiều năm nay…
Theo thống kê của Sở Tài chính Đắk Lắk, toàn tỉnh có hơn 4.646 cơ sở nhà, đất đã có phương án sắp xếp lại, xử lý. Trong đó, sẽ giữ lại tiếp tục sử dụng gồm 4.534 cơ sở, thu hồi 21 cơ sở, điều chuyển 54 cơ sở và bán tài sản trên đất, chuyển nhượng quyền sử dụng đất 37 cơ sở.
Ông Lê Danh Thắng - phó giám đốc Sở Tài chính Đắk Lắk - thừa nhận tình trạnh nhiều trụ sở, đất vàng bỏ hoang gây lãng phí rất lớn nhưng chưa có giải pháp xử lý triệt để. Việc bán, chuyển nhượng hoặc đấu thầu trụ sở, đất vàng dôi dư cũng gặp khó vì vướng cơ chế, quy hoạch nên không tìm được nhà đầu tư.
Theo ông, việc bán đấu giá hay chuyển nhượng công sản không còn sử dụng gặp vướng mắc ""vô cùng lớn"" là phải tính cả tài sản (trụ sở cũ) trên đất vào giá bán. Điều này khiến chủ đầu tư mới gặp bất lợi vì khi quyết định mua lô đất nào đó phải mua cả công sở cũ kỹ không thể tái sử dụng và còn mất tiền thuê tháo dỡ.
Ví dụ, tháng 8-2020, Sở Tài chính thông báo việc lựa chọn tổ chức đấu giá tài sản gắn liền với đất của Bệnh viện đa khoa tỉnh (cũ) với giá khởi điểm gần 533,5 tỉ đồng, trong đó giá trị tài sản gắn liền với đất (các khối nhà bệnh viện - PV) hơn 72,6 tỉ đồng.
Tương tự, đầu năm 2020, Sở Tài chính thông báo đấu giá trụ sở Ủy ban Mặt trận Tổ quốc Việt Nam tỉnh Đắk Lắk (cũ) và rạp chiếu phim Kim Đồng với tổng giá khởi điểm trên 90 tỉ đồng; trong đó giá trị tài sản trên đất gần 5,3 tỉ đồng…
""Không nhà đầu tư nào lại bỏ thêm từ hơn 5 tỉ đồng đến hơn 70 tỉ đồng để mua trụ sở cũ chỉ để làm xà bần, chưa kể chi phí tháo dỡ. Đó là điểm vướng rất lớn về mặt cơ chế khi chuyển nhượng, bán đấu giá công sản dôi dư hiện nay"", ông Thắng nói.
Ngoài ra, hiện phần lớn các trụ sở dôi dư ở trung tâm TP Buôn Ma Thuột, các địa phương chưa bán được do vướng quy hoạch.
Để gỡ vướng, theo ông Thắng, tới đây sau khi rà soát lại một lần nữa, việc xử lý các trụ sở, đất dôi dư không còn sử dụng sẽ thực hiện theo 2 phương án.
Với những tài sản đủ điều kiện bán đấu giá, đấu thầu, Sở Tài chính sẽ thực hiện thanh lý để tăng nguồn thu cho ngân sách.
""Với những trụ sở còn vướng quy hoạch hay thủ tục nào đó sẽ giao cho Trung tâm Phát triển quỹ đất tỉnh (năm 2025 trung tâm sẽ trực thuộc UBND tỉnh Đắk Lắk) để thực hiện việc sửa chữa, cho thuê.
Việc cho thuê tài sản dôi dư sẽ tránh được lãng phí quỹ đất, trụ sở và giúp các công trình bớt xuống cấp. Đến khi nào các trụ sở, khu đất đủ điều kiện sắp xếp bán đấu giá được Sở Tài chính sẽ thực hiện"", ông Thắng thông tin.",https://cdn.tuoitre.vn/thumb_w/1100/471584752817336320/2024/11/26/base64-17326314760561457738882.jpeg
Bụng biến dạng sau khi chi hơn 100 triệu hút mỡ,"Sau khi chi hơn 100 triệu đồng để hút mỡ bụng tại một cơ sở, cô gái trẻ đến viện trong tình trạng da bụng biến dạng, gồ ghề.","Bác sĩ Hoàng Hồng, trưởng Khoa phẫu thuật tạo hình thẩm mỹ, Bệnh viện Đại học Y Hà Nội thông tin vừa tiếp nhận bệnh nhân nhập viện do biến chứng sau hút mỡ bụng.
Bệnh nhân là chị H. (29 tuổi, Hà Nội), do tự ti với bụng chảy xệ, ngấn mỡ, chị nghe theo quảng cáo trên mạng xã hội và bỏ ra 110 triệu đồng để hút mỡ, tạo hình thành bụng tại một cơ sở.
Thế nhưng, sau 1 tuần thực hiện phẫu thuật hút mỡ, phần bụng trên của chị H. bắt đầu cứng lại. Thành bụng không có rãnh như mong muốn ban đầu mà nổi cục to, phần da co rúm.
Chị H. cố gắng massage để phần bụng mềm hơn nhưng không cải thiện. Khoảng 1 tháng sau, phần ổ bụng xuất hiện thêm nhiều cục to nổi gồ ghề.
Sau đó, cô gái trẻ không dám quay lại cơ sở thực hiện phẫu thuật để khám lại mà đến Bệnh viện Đại học Y Hà Nội thăm khám.
Bác sĩ Hoàng Hồng, người trực tiếp điều trị cho chị H. chia sẻ qua khai thác bệnh sử, bệnh nhân đã phẫu thuật tạo hình thành bụng tại một cơ sở và gặp phải biến chứng.
Khi thăm khám, phần bụng của bệnh nhân đã có biến dạng thành bụng, da biến dạng, màu da thay đổi.
""Sau khi làm các xét nghiệm, chụp cộng hưởng từ (MRI), chúng tôi phát hiện chị H. gặp nhiều tổn thương phần bụng. Trong bụng bệnh nhân còn có một khối u xơ do nhiễm trùng kéo dài khi thực hiện phẫu thuật trước đó"", bác sĩ Hồng thông tin.
Sau thăm khám, các bác sĩ đã tiến hành phẫu thuật cắt bỏ những khối xơ, phục hồi căng cơ, lớp mỡ và da của thành bụng. Sau phẫu thuật, thành bụng bệnh nhân đã trở lại bình thường.
Theo bác sĩ Hồng, đối với bệnh nhân bị biến dạng thành bụng sau phẫu thuật thẩm mỹ, sẽ gây khó khăn trong sinh hoạt hàng ngày, có nguy cơ gây viêm nhiễm.
Những khối biến dạng ở thành bụng gây tức, khó chịu, ảnh hưởng đến vấn đề thẩm mỹ, tạo ra tâm lý mất tự tin cho người bệnh.
Bác sĩ Hồng cho hay phẫu thuật hút mỡ bụng, tạo hình thành bụng và cắt da thừa sau sinh là nhu cầu làm đẹp chính đáng của nhiều phụ nữ. Tuy nhiên, chị em cần lựa chọn cơ sở y tế uy tín, bác sĩ có chuyên môn để thực hiện.
""Đặc biệt, với những quảng cáo trên mạng xã hội, chị em nên rất cẩn trọng. Chỉ lựa chọn cơ sở y tế được cấp phép thực hiện phẫu thuật, có đầy đủ trang thiết bị, bác sĩ chuyên môn để tránh những biến chứng như trường hợp trên"", bác sĩ Hồng khuyến cáo.",https://cdn.tuoitre.vn/thumb_w/730/471584752817336320/2024/11/27/base64-17326779825391158675980.jpeg
Tuyển Indonesia chọn sân Manahan làm sân nhà ở ASEAN Cup 2024,Liên đoàn Bóng đá Indonesia (PSSI) quyết định chọn sân vận động Manahan làm sân nhà của đội tuyển Indonesia tại ASEAN Cup 2024.,"Theo trưởng đoàn bóng đá Indonesia Sumardji, ngay từ đầu PSSI đã coi sân vận động Manahan là sân nhà của đội tuyển quốc gia Indonesia.
Ông Sumardji nói với BolaSport.com: ""Chúng tôi đã quyết định các trận đấu trên sân nhà gặp Lào và Philippines. Theo đó, đội tuyển Indonesia sẽ sử dụng sân vận động Manahan ở Solo"".
Tuy nhiên, nếu đoàn quân của HLV Shin Tae Yong giành quyền vào bán kết và chung kết, địa điểm thi đấu sẽ được chuyển đến sân vận động chính Gelora Bung Karno ở Jakarta. Ông Sumardji giải thích rằng bầu không khí của những trận đấu quan trọng mới thật sự phù hợp với sân Gelora Bung Karno.
Tại ASEAN Cup 2024, đội tuyển Indonesia nằm ở bảng B cùng Việt Nam, Lào, Philippines và Myanmar. Indonesia sẽ đá 2 trận sân nhà gặp Lào ngày 12-12 và Philippines ngày 21-12. Ngoài ra họ còn đá 2 trận sân khách gặp Myanmar (ngày 9-12) và Việt Nam (15-12).
Đội tuyển Indonesia tham dự giải lần này có nhiều cầu thủ trẻ ở độ tuổi 20-21. Trong đó, tiền đạo 17 tuổi Arkhan Kaka là cầu thủ trẻ nhất. Còn Asnawi Mangkualam là cầu thủ lớn tuổi nhất với 25 tuổi.
Dù PSSI không đưa ra mục tiêu cụ thể cho Indonesia, nhưng chủ tịch PSSI Erick Thohir hy vọng họ sẽ giành chức vô địch ASEAN Cup 2024.",https://cdn.tuoitre.vn/thumb_w/730/471584752817336320/2024/11/27/capture-1732677386843637729028.jpg
"Chó dữ gây án mạng: Tái diễn chuyện cũ, nạn nhân mới",Một em bé 5 tuổi vừa bị hai con chó béc giê cắn tử vong. Một em trai 7 tuổi bị chó nhà cắn nát bộ phận sinh dục. Thảm cảnh đau lòng do vật nuôi gây họa vẫn tái diễn.,"Năm trước từng có người đàn ông bị chính chú chó mình cưng chiều hàng chục năm tấn công. Một gia đình ở Bình Phước đi du lịch, gửi chó pitbull sang nhà hàng xóm vài ngày, con vật này đã cắn chết một người trong gia đình người nhận nuôi giúp.
Vô số vụ việc người dân bị chó cắn nhưng chủ quan không đi tiêm phòng dại, sau một thời gian phát bệnh và không thể cấp cứu kịp.
Nhiều thú cưng gây ""án mạng"" không có dấu hiệu mắc bệnh dại. Nguyên nhân do sự chủ quan của chính chủ nuôi. Trong một số tình huống, chủ nuôi cũng bất lực với thú cưng tưởng chừng ""dễ bảo"" như mọi ngày của mình.
Nuôi chó dữ phòng trộm thì phải nhốt hoặc xích. Trong khi đặc tính của loài vật này càng bị nhốt sẽ càng hung dữ. Chỉ cần người nhà sơ ý, chó xổng chuồng hoặc tuột xích, sự việc sẽ vượt quá tầm kiểm soát. Lúc ấy ngay cả gia chủ cũng khó được an toàn.
Vẫn nhan nhản những hình ảnh người nuôi vô tư dẫn cún cưng đi dạo nhưng không rọ mõm, vật nuôi thoải mái chạy tung tăng trên đường, công viên, sân chung cư mà không hề thấy bóng dáng chủ nhân. Đây là những nơi có nhiều trẻ em vui chơi cùng nhau, khâu đảm bảo an toàn trước nguy cơ bị chó dữ tấn công dường như bị lãng quên.
Tình cảm gắn bó của loài vật này với con người là điều không ai bàn cãi. Xã hội hiện đại nên trong nhiều gia đình, vào ban ngày chỉ có người cao tuổi ở nhà. Những chú cún không khác gì người bạn, giúp khuây khỏa nỗi buồn. Nhiều hộ dân đam mê nuôi cún cưng đã chuyển hướng sang nuôi chó cảnh, chỉ ""quanh quẩn"" trong nhà và cũng hiền lành, ""dễ thương"" hơn cho an toàn.
Vậy nhưng, thích nuôi và để chó gây nguy hiểm đến sức khỏe tính mạng của người khác thì rất khó chấp nhận. Nhiều con hẻm được cư dân giữ gìn sạch sẽ, song chỉ cần một nhà thả chó phóng uế là đủ thấy mất vui, tình làng nghĩa xóm bị tổn thương đôi khi vì một nguyên nhân rất vô lý và không đáng có. Lối đi công viên thành dơ bẩn vì phân chó.
Không thể tồn tại tính ích kỷ, bất chấp nguy cơ gây mất an toàn cho cộng đồng để nuôi thú cưng, thỏa mãn sở thích của cá nhân. Thay vì tìm niềm vui ở các ""chú cún"", sao không vun đắp tình làng nghĩa xóm, tạo dựng mối quan hệ tốt đẹp với láng giềng xung quanh?
Sau một thời gian tổ chức ra mắt và ra quân rầm rộ, một số đội bắt chó thả rông gần đây có vẻ im hơi lặng tiếng, trong khi chó vẫn chạy ""tung tăng"" không người giám sát. Rất cần sự quan tâm và khẩn trương từ cơ quan chức năng trong việc khôi phục, ""tái khởi động"" lực lượng bắt chó thả rông.
Sẽ có va chạm, tranh cãi, thậm chí căng thẳng song không gì quan trọng hơn lợi ích tập thể. Bảo vệ tất cả mọi người, chỉ mất lòng vài người thì có đáng gì! Nhất là khi vẫn còn không ít người lo chăm chút cho con vật nhà mình mặc kệ sự bất tiện và khó chịu của hàng xóm.",https://cdn.tuoitre.vn/thumb_w/730/471584752817336320/2024/11/27/cho-du-khong-ro-mom-read-only-1732676999995496311948.jpg
"Omoda C5 ra mắt Việt Nam: Giá từ 589 triệu, có ADAS cạnh tranh Xforce, Seltos","Sau một thời gian dài thăm dò, Omoda C5 đã chính thức ra mắt thị trường Việt Nam với hai phiên bản.","Ngày 26-11, Omoda C5 đã chính thức ra mắt thị trường Việt Nam đi kèm công bố giá. Xe có 2 phiên bản là Premium và Flagship, giá tương ứng là 589 triệu và 669 triệu đồng.
Ảnh: HOÀNG DŨNG",https://cdn.tuoitre.vn/thumb_w/1100/471584752817336320/2024/11/26/base64-17326001813507349028.jpeg
Các 'ông lớn' ngành xây dựng trở lại với loạt dự án ngàn tỉ,"Sau giai đoạn 'bão tố', thị trường xây dựng đang có dấu hiệu khởi sắc khi nhiều nhà thầu lớn liên tiếp trúng thầu các dự án lớn.","Trao đổi với Tuổi Trẻ Online, đại diện Công ty cổ phần Xây dựng Central cho hay nhà thầu này liên tiếp trúng các gói thầu tại các dự án bất động sản và hạ tầng.
Cụ thể nhà thầu Central mới đây đã nhận được thư thông báo trúng thầu dự án Sun Symphony Residence (tháp B1.1.) tại Đà Nẵng. Theo Central, bên cạnh thi công phần ngầm, chủ đầu tư Sun Group tiếp tục chọn nhà thầu này thi công phần kết cấu và hoàn thiện phần thân của dự án.
Trong lĩnh vực hạ tầng, Central trúng thầu xây dựng dự án trạm dừng nghỉ Phan Thiết - Dầu Giây  của chủ đầu tư FUTA Group. Còn với lĩnh vực địa ốc phía Nam, Central đã phối hợp với Phát Đạt Group khởi công dự án khu nhà ở phức hợp cao tầng Thuận An 1 tại Bình Dương với quy mô 3 tầng hầm, 2 tầng khối đế và 36 tầng cao.
Ngoài ra doanh nghiệp này trúng gói thầu thiết kế và thi công 17 văn phòng chi nhánh trên nhiều địa phương của một ngân hàng lớn.
Trong khi đó, ông Lê Viết Hải - chủ tịch Tập đoàn Xây dựng Hòa Bình - cho biết doanh nghiệp này vừa trúng thầu dự án Newtown Diamond với giá trị gần 1.000 tỉ đồng tại Đà Nẵng.
Tập đoàn Hòa Bình sẽ đảm nhận vai trò nhà thầu chính trong việc thi công kết cấu phần thân cho ba tòa tháp cao 38 tầng và 6 tầng khối đế thuộc dự án khu đô thị thương mại và dịch vụ thể thao cao cấp Newtown (Newtown Diamond).
Trước đó Hòa Bình đã vượt qua nhiều đối thủ để trúng thầu dự án Eaton Park trị giá 1.900 tỉ đồng do Tập đoàn Gamuda Land làm chủ đầu tư tại TP Thủ Đức (TP.HCM).
Ông Hải cho hay việc liên tiếp trúng thầu các dự án lớn vừa khẳng định năng lực cạnh tranh của doanh nghiệp, vừa thể hiện sự tin tưởng của các chủ đầu tư đối với chất lượng và uy tín của nhà thầu.
Công ty TNHH Đầu tư xây dựng Unicons, đơn vị thành viên của Công ty cổ phần Xây dựng Coteccons, cũng vừa giành được hợp đồng xây dựng và đảm bảo chất lượng công trình của dự án Đô thị biển CaraWorld tại tỉnh Khánh Hòa. Đây là dự án bất động sản có tổng mức đầu tư công bố 2,06 tỉ USD (tương đương 46.371 tỉ đồng).
Nhiều nhà thầu lớn khác cũng công bố trúng thầu các dự án bất động sản công nghiệp, hạ tầng và các công trình đầu tư công…
Trao đổi với Tuổi Trẻ Online, lãnh đạo một nhà thầu xây dựng cho biết giai đoạn tắc nghẽn dòng tiền vào cuối năm 2022, đầu năm 2023 đã khiến nhiều nhà thầu đứng bên bờ vực phá sản. Theo vị này, sau giai đoạn khó khăn, các nhà thầu đã buộc phải ""xoay trục"" tìm kiếm đầu ra từ các phân khúc khác, hướng vào các công trình bất động sản công nghiệp, hạ tầng, đầu tư công…
""Tuy số lượng công trình để các nhà thầu tham gia chưa nhiều như kỳ vọng, song tín hiệu tích cực là các chủ đầu tư cũng đang dần khởi động lại các dự án, phát triển dự án mới. Nếu tới đây nhiều dự án gặp vướng mắc về pháp lý được tháo gỡ, chủ đầu tư triển khai thì cơ hội cho các nhà thầu sẽ rất lớn và giai đoạn khó khăn sẽ chính thức chấm dứt và trở lại đường đua với các dự án ngàn tỉ"", vị này cho hay.",https://cdn.tuoitre.vn/thumb_w/730/471584752817336320/2024/11/27/nha-thau-xay-dung-1732677038376259126892.jpg
Squid game 2: Seong Gi Hun sẽ trả thù và chấm dứt trò chơi tàn ác này vĩnh viễn?,"Dù chưa lên sóng, Squid game 2 đã tạo nên địa chấn trên màn ảnh Hàn Quốc. Mọi chú ý của khán giả đều đổ dồn vào bom tấn mới nhà Netflix.","Squid game 2  là một trong những bộ phim trọng điểm của Netflix trong năm 2024, khi nền tảng này đổ dồn hơn 100 tỉ won vào dự án.
Dù nhận được mức đầu tư khủng, bộ phim vẫn khiến khán giả lo rằng lịch sử phần 1 bom tấn, phần 2 bom xịt lặp lại với Squid game 2.
Trước đó Netflix phải nhận trái đắng khi phần tiếp theo của các bộ phim từng ""làm mưa làm gió"" dần giảm nhiệt như Sweet home, Hellbound, Gyeongseong creature...
Theo The Korea Times, dự án Squid game 2 sẽ khiến khán giả chiêm nghiệm, suy ngẫm về bản chất con người qua loạt thử thách sinh tử trong phim.
Chia sẻ về lý do Squid game trở thành bom tấn toàn cầu, đạo diễn Hwang Dong Hyuk nói: ""Tôi cho rằng vì thế giới hiện nay dần trở nên tàn khốc giống như trong phim. Dường như người xem thấy chính mình trong đó. Đó là lý do khiến mọi người đồng cảm với nhận vật"".
Tuy nhiên dù đã 3 năm trôi qua kể từ mùa 1, đạo diễn vẫn không nhận thấy thế giới có sự thay đổi.
""Nghèo đói và bất bình đẳng vẫn tồn tại. Xung đột, chiến tranh giữa các quốc gia và trong chính mỗi con người càng gia tăng.
Tôi muốn tạo ra câu chuyện để khán giả trả lời câu hỏi: Liệu rằng con người có khả năng thay đổi thế giới đang dần xấu đi này không?"" - Hwang Dong Hyuk chia sẻ.
Mùa 2 của Squid game dự kiến ra mắt vào ngày 26-12.
Seong Gi Hun (Lee Jung Jae) - người từng chiến thắng mùa đầu tiên, quay trở lại tham gia trò chơi khốc liệt này.
Đạo diễn tiết lộ thay đổi lớn nhất trong mùa mới nằm ở thiết lập nhân vật Seong Gi Hun. Trong phần đầu, anh là người chơi bình thường, mang khát vọng đổi đời. Song lần tái xuất này của anh mang mục tiêu rõ ràng hơn, đó là trả thù và chấm dứt trò chơi tàn ác này vĩnh viễn.
Đặc biệt, điểm sáng mùa 2 đó chính là tuyến nhân vật và trò chơi mới. Đồng thời mở rộng chủ đề về sự chia sẻ. Cuộc bỏ phiếu sinh tồn sẽ là trọng tâm của cốt truyện, ngụ ý tượng trưng cho sự phân cực và xung đột ngày càng gia tăng trong thế giới hiện tại.
Squid game còn vướng phải chỉ trích vì những cảnh bạo lực trong phim. Song đối với Hwang Dong Hyuk, bạo lực, cái chết của phim nhằm mang tính biểu tượng, ẩn dụ cho việc con người dễ dàng bị loại bỏ và cô lập khi trong hoàn cảnh ngặt nghèo.
""Bộ phim đặt ra câu hỏi liệu rằng nhân tính, đạo đức và lương tâm có thể tồn tại trong một thế giới cạnh tranh khốc liệt hay không. Mùa 2 sẽ đi sâu vào những chủ đề này với những thử thách mới dành cho đạo đức con người"" - Hwang Dong Hyuk hé lộ.
Kim Ji Yeon - giám đốc sản xuất của Squid game kiêm CEO của Firstman Studio nhấn mạnh mùa 2 được đầu tư rất nhiều để trở nên mãn nhãn hơn.
Một trong những thử thách lớn nhất trong quá trình sản xuất Squid game 2 là giữ kín những bí mật của bộ phim. Vì bom tấn quy tụ dàn diễn viên phụ đông đảo, việc bảo mật các trò chơi, số phận nhân vật và cốt truyện là rất khó khăn.
""Vấn đề với Squid game cốt truyệt sẽ bị ảnh hưởng nếu có thông tin rò rỉ. Các diễn viên tham gia sẽ không được biết số phận của người khác ra sao, trừ vai diễn của mình. Ngay cả khi quay cùng nhau, rất ít diễn viên biết toàn bộ kịch bản"" - Kim Ji Yeon chia sẻ.
Nhìn lại áp lực khi phải vượt qua thành công của mùa đầu, ""cha đẻ"" bộ phim bày tỏ sự tự tin vào chiều sâu kịch bản phần 2.
""Kỳ vọng của khán giả tạo ra áp lực để tôi phải sáng tạo ra một sản phẩm còn xuất sắc hơn nữa. Tôi tin rằng mình đã dốc hết tâm huyết cho dự án này. Khán giả có thể cảm nhận nỗ lực của chúng tôi qua những thước phim sắp tới"" - Hwang Dong Hyuk kết luận.
Dù chưa phát sóng phần 2, người hâm mộ loạt phim này tiếp tục nhận ""tin vui"" khi Netflix thông báo mùa 3 đang đến gần. Theo The Korea Times, phần cuối Squid game sẽ phát sóng vào năm 2025.",https://cdn.tuoitre.vn/thumb_w/730/471584752817336320/2024/11/26/z6072310524001561034cdc2e1920d4770b253487d3f88-1732633585429418271259.jpg
PVcomBank tư vấn thu xếp vốn cho dự án nâng cấp mở rộng nhà máy lọc dầu Dung Quất,"PVcomBank sẽ tư vấn, hỗ trợ BSR thu xếp nguồn vốn vay với 40% tổng mức đầu tư của dự án, tương đương khoảng 526 triệu USD từ nhiều nguồn vốn vay khác nhau cả trong nước và quốc tế.","Ngày 25-11, tại Hà Nội, Công ty cổ phần Lọc hóa dầu Bình Sơn (BSR) và Ngân hàng TMCP Đại chúng Việt Nam (PVcomBank) đã ký kết hợp đồng tư vấn thu xếp vốn cho dự án nâng cấp mở rộng nhà máy lọc dầu Dung Quất.
Trước sự chứng kiến của lãnh đạo Tập đoàn Dầu khí Việt Nam, BSR và PvcomBank, đại diện cho hai bên, ông Nghiêm Đức Dương - phó tổng giám đốc BSR kiêm trưởng ban quản lý dự án nâng cấp mở rộng nhà máy lọc dầu Dung Quất và ông Dương Xuân Quang - phó tổng giám đốc PVcomBank đã tiến hành ký kết hợp đồng.
Thông qua hợp đồng này, PVcomBank sẽ tư vấn, hỗ trợ BSR thu xếp nguồn vốn vay với 40% tổng mức đầu tư của dự án, tương đương khoảng 526 triệu USD từ nhiều nguồn vốn vay khác nhau trên thị trường tài chính trong nước và quốc tế, trong đó, ưu tiên nguồn vốn vay tín dụng hỗ trợ xuất khẩu từ các tổ chức tín dụng quốc tế.
Bên cạnh đó, các tổ chức tín dụng trong nước đóng vai trò quan trọng trong tài trợ nguồn vốn vay thương mại kịp thời đáp ứng theo tiến độ triển khai tổng thể của dự án này.
Phát biểu tại lễ ký kết, ông Bùi Ngọc Dương - tổng giám đốc BSR, cho biết đến nay, dự án đã hoàn thành công tác đền bù giải phóng mặt bằng cùng các hạng mục phụ trợ liên quan, đang triển khai thiết kế kỹ thuật tổng thể.
Công tác lựa chọn tổng thầu EPC sẽ được tiến hành trong năm 2025 để đảm bảo đưa dự án vào vận hành theo tiến độ phê duyệt.
Cũng theo lãnh đạo BSR, dự án nâng cấp mở rộng nhà máy lọc dầu Dung Quất sau khi hoàn thành sẽ giúp BSR nâng tổng công suất sản xuất, đa dạng hóa nguồn nguyên liệu đầu vào để đảm bảo duy trì nguồn cung ổn định, lâu dài, giúp tối ưu hóa chi phí đầu vào, bảo đảm khả năng cạnh tranh và đáp ứng tiêu chuẩn khí thải EURO V.
Đồng thời, dự án cũng góp phần quan trọng vào sự phát triển bền vững của ngành công nghiệp hóa dầu tại Việt Nam cũng như đảm an ninh năng lượng quốc gia và là động lực để trở thành hạt nhân của Trung tâm năng lượng và lọc hóa dầu quốc gia tại khu vực miền Trung.",https://cdn.tuoitre.vn/thumb_w/730/471584752817336320/2024/11/27/bsr2711-17326763156631990372460.jpg
Đoạn đường tiềm ẩn nguy cơ mất an toàn đặt biển báo tốc độ riêng,"Với những đoạn đường có điều kiện bất lợi, tiềm ẩn nguy cơ mất an toàn giao thông, cơ quan quản lý đường bộ quyết định đặt biển báo tốc độ không theo quy định chung.","Đó là nội dung đáng chú ý trong thông tư số 38/2024/TT-BGTVT quy định về tốc độ và khoảng cách an toàn của xe cơ giới, xe máy chuyên dùng tham gia giao thông đường bộ đang được Bộ Giao thông vận tải ban hành, có hiệu lực từ 1-1-2025.
Nhìn chung thông tư giữ nguyên quy định về tốc độ và khoảng cách trên đường bộ với các loại xe như quy định hiện hành. Cụ thể:
Với đường bộ trong khu vực đông dân cư:  tốc độ khai thác tối đa cho phép xe cơ giới (trừ xe máy chuyên dùng, xe gắn máy và các loại xe tương tự) là 60km/h với đường đôi, đường một chiều có từ hai làn xe cơ giới trở lên; 50km/h với đường hai chiều, đường một chiều có một làn xe cơ giới.
Với đường bộ ngoài khu vực đông dân cư:  tốc độ khai thác tối đa vẫn giữ nguyên như hiện nay:
Với đường  cao tốc:  phải đặt biển báo tốc độ khai thác tối đa và tối thiểu. Tốc độ khai thác tối đa cho phép các loại xe cơ giới, xe máy chuyên dùng trên đường cao tốc là 120km/h.
Tốc độ tối thiểu cho phép trên đường cao tốc là 60km/h. Trường hợp đường cao tốc có tốc độ thiết kế 60km/h thì tốc độ khai thác tối thiểu thực hiện theo phương án tổ chức giao thông được cấp có thẩm quyền phê duyệt.
Ngoài quy định tốc độ chung như trên, thông tư cho phép Cục Đường bộ Việt Nam, Cục Đường cao tốc Việt Nam, UBND các tỉnh, thành phố chủ trì, phối hợp với lực lượng cảnh sát giao thông trên tuyến, UBND cấp huyện nơi có đoạn đường cần đặt biển báo tốc độ cho phép để xem xét, quyết định tốc độ khai thác cho phép và tổ chức thực hiện đặt biển báo tốc độ trong các trường hợp sau:
Đường bộ đang khai thác nằm trong khu vực đông dân cư có điều kiện bất lợi (đường một chiều hoặc đường hai chiều có tổng bề rộng phần xe chạy nhỏ hơn 3m và tập trung công trình hạ tầng liên tiếp, sát mép phần xe chạy, tầm nhìn hạn chế).
Đường bộ đang khai thác nằm ngoài khu vực đông dân cư thuộc các đoạn đường cấp IV, cấp V, cấp VI và các đoạn đường theo cấp kỹ thuật A, B, C, D, đường khác có điều kiện bất lợi, tiềm ẩn nguy cơ xảy ra mất an toàn giao thông (bán kính đường cong nhỏ, đường cong liên tiếp, độ dốc dọc lớn, tầm nhìn hạn chế).
Về khoảng cách an toàn giữa hai xe khi tham gia giao thông trên đường trong điều kiện mặt đường khô ráo, không có sương mù, mặt đường không trơn trượt, địa hình bằng phẳng, đường thẳng, tầm nhìn bảo đảm, thông tư vẫn giữ nguyên như hiện hành:
Khi điều khiển xe chạy với tốc độ dưới 60km/h, tài xế phải chủ động giữ khoảng cách an toàn phù hợp với xe chạy liền trước xe của mình. Trong điều kiện trời mưa, có sương mù, mặt đường trơn trượt, đường có địa hình quanh co, đèo dốc, tầm nhìn hạn chế, tài xế phải điều chỉnh khoảng cách an toàn thích hợp, lớn hơn trị số ghi trên biển báo hoặc trị số được quy định như trên.",https://cdn.tuoitre.vn/thumb_w/730/471584752817336320/2024/11/27/toc-do-17326749951871018004855.jpg
Cây cỏ hôi chữa nhiều bệnh nhưng cần dùng cho đúng để đảm bảo an toàn,"Các thành phần hóa học của cây cỏ hôi (cứt lợn) có ý nghĩa quan trọng trong việc bào chế dược liệu, dân gian dùng để điều trị nhiều bệnh lý. Nhưng loài dược liệu này có thể tích lũy độc tố nên phải biết cách sử dụng để đảm bảo an toàn.","Bác sĩ Quách Tuấn Vinh, ủy viên Ban chấp hành Hội Đông y Hà Nội, cho biết cây cỏ hôi (cây cứt lợn - Ageratum conyzoides), hay còn gọi là ngũ sắc, mọc hoang dại ở nhiều nơi, là loại thảo dược được sử dụng rộng rãi trong dân gian để điều trị nhiều bệnh lý nhờ vào các tác dụng chống viêm, giảm đau, kháng khuẩn, kháng nấm.
Nghiên cứu hiện đại cho thấy các thành phần hóa học của cây cứt lợn có ý nghĩa quan trọng trong việc bào chế dược liệu: tinh dầu; saponin; caryophllen; ancoloid; demetoxygeratocromen; cadinne; acid fumaric; phenol; quercetin; cumarins; resins; tanins; kaempferol; charomones; acid cafeic...
Cây cỏ hôi có công dụng chữa bệnh cả trong y học cổ truyền và y học hiện đại. Theo y học cổ truyền, cỏ hôi tính mát, vị cay, đắng nhẹ, tác dụng giải nhiệt, giải độc, chống chảy máu, sưng nề, được dùng trong điều trị các chứng bệnh mụn nhọt; viêm họng; rong kinh; băng huyết sau sinh; sỏi tiết niệu; viêm mũi xoang; đau nhức xương khớp; phong thấp. Cách dùng như sau:
- Chữa viêm xoang và viêm mũi dị ứng: Cỏ hôi được sử dụng rộng rãi trong dân gian để điều trị các bệnh viêm đường hô hấp trên như viêm xoang và viêm mũi dị ứng.
Các hợp chất chống viêm và chống dị ứng trong cây giúp làm giảm sưng, đau và thông thoáng đường mũi.
Cách sử dụng: Dùng tươi bằng rửa sạch lá cây, giã nhỏ vắt lấy nước cốt. Nhỏ 1-2 giọt vào mỗi bên mũi giúp giảm nghẹt mũi và đau nhức xoang; Xông mũi: Dùng cây tươi nấu với nước và dùng hơi nước xông vào vùng mũi giúp thông mũi, giảm phù nề và đẩy chất nhầy ra ngoài.
- Điều trị các bệnh ngoài da, nấm da, viêm da: Cỏ hôi có khả năng kháng khuẩn và kháng nấm tốt, đặc biệt với bệnh ngoài da do nhiễm khuẩn hoặc nhiễm nấm như viêm da, nấm móng, nấm da chân.
Các nghiên cứu cho thấy chiết xuất từ cỏ hôi có khả năng kháng nhiều loại vi khuẩn và nấm gây bệnh, đặc biệt là các chủng Staphylococcus aureus (tụ cầu) và Candida albicans (nấm).
Cách sử dụng: Đắp ngoài bằng cách rửa sạch lá cây, giã nhỏ và đắp lên vùng da bị nhiễm khuẩn hoặc nhiễm nấm. Giữ trong khoảng 15-20 phút, sau đó rửa lại bằng nước sạch. Có thể thực hiện 2-3 lần/ngày cho đến khi triệu chứng thuyên giảm.
Sắc uống hỗ trợ: Để tăng hiệu quả điều trị và ngăn ngừa tái nhiễm, có thể kết hợp sử dụng nước sắc cây cứt lợn với liều lượng thấp.
- Giảm đau và chống viêm: Cỏ hôi chứa các hợp chất có tác dụng giảm đau và chống viêm, có lợi trong việc điều trị các bệnh lý đau nhức, viêm khớp và đau cơ. Các hợp chất này hoạt động bằng cách ức chế các enzyme gây viêm, từ đó giảm sưng và giảm đau.
Nghiên cứu tại Brazil cho thấy chiết xuất từ cây cứt lợn có hiệu quả trong việc giảm đau và chống viêm trên các mô hình động vật bị viêm khớp.
Cách sử dụng: Có thể sắc nước uống theo cách dùng 10-15g cây khô, sắc với nước uống 1-2 lần mỗi ngày. Cách này giúp giảm đau nhức, giảm sưng viêm trong các bệnh lý về khớp và đau cơ. Hoặc dùng đắp ngoài bằng lá cây tươi giã nhuyễn, đắp lên vùng khớp bị viêm hoặc vùng cơ bị đau nhức để giảm sưng đau.
- Hỗ trợ điều trị các bệnh lý tiêu hóa: Cỏ hôi còn được sử dụng để hỗ trợ điều trị các bệnh lý về tiêu hóa, bao gồm đầy bụng, khó tiêu và các bệnh nhiễm trùng đường ruột.
Sử dụng bằng sắc uống: Dùng 10g cây khô hoặc khoảng 20g cây tươi, sắc lấy nước uống, dùng 2-3 lần/ngày để giảm các triệu chứng rối loạn tiêu hóa.
- Giảm các bệnh lý mạn tính: Các hợp chất flavonoid và polyphenol trong cây cứt lợn có khả năng chống oxy hóa mạnh, giúp bảo vệ tế bào khỏi sự tấn công của các gốc tự do, giảm nguy cơ mắc các bệnh mạn tính như ung thư, tiểu đường và bệnh tim mạch.
Các nghiên cứu cho thấy chiết xuất từ cây cứt lợn có thể làm giảm quá trình oxy hóa trong cơ thể, bảo vệ tế bào khỏi tổn thương và giảm nguy cơ các bệnh mạn tính.
Có thể sử dụng bằng uống nước sắc từ cây để tăng cường khả năng chống oxy hóa, giúp bảo vệ sức khỏe.
- Viêm tai giữa: Dùng dược liệu này giã nát lấy nước cốt này nhỏ vào tai 1-2  giọt, 4 lần/ngày.
- Thấp khớp, bong gân: Lấy cỏ hôi tươi rửa sạch, cho gạo, muối rang lên rồi nghiền nát mịn. Lấy bột này để thoa vào vùng khớp đang bị sưng tấy, dùng vải băng bó tại giữ nguyên từ 1-2 giờ rồi tháo băng. Dùng ngày 2-3 lần để có thể đạt hiệu quả.
- Đau họng: Dùng lá của cây rửa sạch và nghiền nát. Lấy nước cốt thêm chút đường cho dễ uống. Ngày dùng 3 lần để đạt hiệu quả chữa đau họng.
- Chăm sóc tóc: Lấy cành lá cỏ hôi tươi nghiền nát rồi lấy phần hỗn hợp này để gội đầu, dùng một miếng vải ủ khoảng 2-3 giờ rồi gội lại bằng nước sạch. Dùng cách làm này thường xuyên có thể có được mái tóc thơm, mượt, sạch gàu.
- Chữa sốt: Dùng rễ cỏ hôi sắc lấy nước uống ngày 2-3 lần để hạ sốt.
Bác sĩ Quách Tuấn Vinh khuyến cáo mặc dù cây cỏ hôi có nhiều tác dụng chữa bệnh, cần lưu ý một số điểm để đảm bảo an toàn và hiệu quả khi sử dụng:
- Sử dụng trong thời gian ngắn: Cây cỏ hôi có thể gây tích lũy một số chất độc nếu dùng kéo dài. Chỉ nên dùng trong khoảng 1-2 tuần cho đến khi triệu chứng giảm và không sử dụng liên tục trong thời gian dài.
- Không dùng cho phụ nữ mang thai và cho con bú: Chưa có đủ nghiên cứu về độ an toàn của cây này với phụ nữ mang thai và cho con bú, do đó tốt nhất nên tránh sử dụng để đảm bảo an toàn.
- Thận trọng khi dùng cho trẻ em: Trẻ em có cơ địa nhạy cảm, do đó nên hỏi ý kiến chuyên gia trước khi sử dụng cây cỏ hôi cho trẻ, đặc biệt là đối với trẻ nhỏ dưới 5 tuổi.
- Tương tác với thuốc tây: Nếu đang dùng thuốc, đặc biệt là thuốc chống viêm và giảm đau, hãy thận trọng khi sử dụng cây cỏ hôi vì có thể xảy ra tương tác thuốc, làm tăng hoặc giảm hiệu quả của thuốc tây.
- Phản ứng dị ứng: Một số người có thể bị dị ứng với cây cỏ hôi, gây ngứa ngáy, nổi mẩn hoặc khó thở. Nếu có dấu hiệu dị ứng, ngưng sử dụng ngay và tham khảo ý kiến bác sĩ.",https://cdn.tuoitre.vn/thumb_w/730/471584752817336320/2024/11/27/hoa-cut-lon-1732667828338309267134.png
Xử lý gần 2.300 trường hợp học sinh vi phạm giao thông,"Trong gần 1 tháng qua, cảnh sát giao thông Hà Nội xử lý gần 2.300 trường hợp vi phạm giao thông liên quan đến học sinh. Qua đó đã xác minh và xử lý 275 trường hợp giao xe cho người không đủ điều kiện.","Ngày 27-11, thông tin từ Phòng Cảnh sát giao thông Công an Hà Nội cho biết từ ngày 1-11 đến 24-11, lực lượng cảnh sát giao thông toàn thành phố xử lý gần 2.300 trường hợp vi phạm giao thông liên quan đến học sinh. Trong số này có 517 trường hợp lái xe khi không đủ điều kiện, xử phạt 275 trường hợp giao xe cho người không đủ điều kiện.
Cảnh sát cho hay sẽ tiếp tục xác minh để xử lý các trường hợp giao xe cho người không đủ điều kiện.
Trên đường, các lỗi vi phạm giao thông chủ yếu của học sinh là: không đội mũ bảo hiểm (hơn 1.900 trường hợp), chở quá số người (17 trường hợp), không chấp hành đèn tín hiệu (11 trường hợp)…
Đơn vị này nhận định sau một thời gian dài triển khai đợt cao điểm, tình trạng học sinh vi phạm, lái xe trên đường có xu hướng giảm. Các phụ huynh đã quản lý nghiêm hơn trong việc giao xe cho con cái đi lại.
Thời gian tới, việc xử lý vi phạm giao thông liên quan đến học sinh tiếp tục được các tổ cảnh sát giao thông, tổ công tác đặc biệt… thực hiện nghiêm ngặt, dù đã hết giai đoạn của đợt cao điểm.
Ghi nhận vào sáng cùng ngày của Tuổi Trẻ Online tại khu vực đường Thanh Niên, Quán Thánh, Thụy Khuê… (quận Tây Hồ, Hà Nội), tình trạng học sinh vi phạm, lái xe trên đường không còn phổ biến, tuy nhiên vẫn còn nhiều trường hợp chủ quan, cho rằng đi quãng đường gần nên đã vi phạm.
",https://cdn.tuoitre.vn/thumb_w/730/471584752817336320/2024/11/27/base64-17326764248761777909279.jpeg
Bộ trưởng Quốc phòng Trung Quốc Đổng Quân bị điều tra tham nhũng,Bộ trưởng Quốc phòng Trung Quốc Đổng Quân đang bị điều tra vì nghi ngờ tham nhũng. Động thái mới nhất trong chiến dịch trấn áp tham nhũng rộng khắp trong quân đội nước này.,"Tờ Financial Times dẫn lời các quan chức Mỹ hiện tại và trước đây cho biết cuộc điều tra ông Đổng Quân nằm trong khuôn khổ chiến dịch thanh lọc tham nhũng quân sự quy mô lớn của Trung Quốc.
Tính tới sáng 27-11, cả Bộ Ngoại giao Trung Quốc lẫn đại sứ quán nước này tại Washington đều chưa lên tiếng về thông tin mà Financial Times đăng tải.
Nếu thông tin này được xác thực, ông Đổng Quân sẽ trở thành bộ trưởng Quốc phòng thứ ba liên tiếp của Trung Quốc bị điều tra về tham nhũng.
Ông Đổng Quân từng là chỉ huy lực lượng hải quân. Ông được bổ nhiệm làm bộ trưởng Quốc phòng tháng 12-2023, sau khi người tiền nhiệm Lý Thượng Phúc bất ngờ bị cho thôi chức chỉ sau bảy tháng tại nhiệm.
Theo truyền thông nhà nước, ông Lý sau đó bị khai trừ khỏi Đảng Cộng sản Trung Quốc với cáo buộc nhận hối lộ.
Người tiền nhiệm của ông Lý, ông Ngụy Phượng Hòa, cũng chịu chung số phận khi bị khai trừ khỏi đảng và truy tố vì các hành vi tham nhũng.
Trong năm qua, Trung Quốc đã tăng cường chiến dịch chống tham nhũng trong quân đội. Chủ tịch Tập Cận Bình đầu tháng này đã yêu cầu lực lượng vũ trang quét sạch tệ tham nhũng và tăng cường ""sẵn sàng chiến đấu"".
Theo báo cáo từ Hãng tin Bloomberg, động lực thúc đẩy chiến dịch chống tham nhũng trong quân đội xuất phát từ lo ngại tham nhũng có thể ảnh hưởng đến khả năng tiến hành chiến tranh trong tương lai của Trung Quốc.
Một trong những mục tiêu bị giám sát nghiêm ngặt nhất là Lực lượng Tên lửa chiến lược - đơn vị đảm nhiệm kho vũ khí chiến lược, bao gồm tên lửa thông thường và hạt nhân.
Hồi tháng 7, ông Tôn Kim Minh, một quan chức cấp cao thuộc Lực lượng Tên lửa chiến lược, cũng bị điều tra vì tham nhũng. Ông Tôn sau đó bị khai trừ khỏi Đảng Cộng sản và bị điều tra với lý do ""vi phạm nghiêm trọng kỷ luật đảng và pháp luật"", theo Tân Hoa xã.
Ít nhất hai quan chức cấp cao khác liên quan đến đơn vị này cũng đã rời ghế vì các cáo buộc tham nhũng.",https://cdn.tuoitre.vn/thumb_w/730/471584752817336320/2024/11/27/z6073340571067c5adfcab2dc381e7e91f795a6ee5d268-17326785967092063292709.jpg
"Anh trai say hi mở concert 4, gây tranh cãi khi ra mắt nhóm nhạc MOPIUS","Anh trai say hi khiến người hâm mộ hào hứng khi xác nhận có concert 4, còn màn ra mắt nhóm nhạc MOPIUS gây tranh cãi dù chưa ra bài hát nào.","Lúc 0h ngày 27-11, Anh trai say hi chính thức xác nhận mở concert 4, diễn ra vào ngày 9-12 tại sân vận động quốc gia Mỹ Đình (Hà Nội). Thông tin này khiến người hâm mộ vô cùng phấn khích.
Fanpage Anh trai say hi khiến cộng đồng mạng xôn xao khi bất ngờ đăng tải dòng trạng thái vỏn vẹn hai từ: ""Đêm 4"".
Bài đăng xuất hiện giữa đêm nhanh chóng thu hút lượng tương tác cao, với hơn 22.000 lượt thả cảm xúc, 8.500 bình luận và 1.300 lượt chia sẻ trong hơn 9 giờ qua.
Dưới bài đăng, khán giả bàn tán rôm rả: ""Làm ơn hãy tổ chức ở TP.HCM đi mà""; ""Để giả bộ bất ngờ nè""; ""Con ơi mẹ xin con, mẹ nghèo lắm rồi""; ""Hy vọng có Negav comeback""; Phải thế chứ, xúng xính sắm đồ đi concert từ bây giờ là vừa""...
Ca sĩ Erik cũng ""thả hint"" trong broadcast cá nhân trên Instagram: ""Mới nghe Hà Nội có thêm đêm 4. Chương trình thông báo tui mới dám nhắn cho mọi người đây.
Ém tin này bữa giờ nóng hết cả người. Những ai chưa mua được vé ngày 7 thì ngày 9 nhất định phải gặp đó nha"".
Tuy nhiên, người hâm mộ cũng la ó khi nhận ra ngày 9-12 là thứ hai, không phải rơi vào ngày cuối tuần như những concert trước.
Họ cho rằng tuy thứ hai dễ săn vé, nhưng dự đoán sau đêm nhạc sẽ phải xin nghỉ phép vì không đủ sức đi làm.
Bên cạnh đó, nhóm nhạc MOPIUS sẽ ra mắt với ca khúc đầu tay vào ngày 3-12 gồm các thành viên Quang Hùng MasterD, Jsol, HURRYKNG và Dương Domic.
Trang fanpage chính thức của MOPIUS viết: ""Tụi mình - MOPIUS chính thức ra mắt rồi đây! Tụi mình hội tụ lại vì chung chí hướng, chung đam mê âm nhạc và quan trọng là chung một tinh thần: Làm nên những điều mới lạ"".
Màn ra mắt của MOPIUS nhận cơn mưa lời khen và lời chúc từ người hâm mộ cùng sự cổ vũ nhiệt tình từ các ""anh trai"" trong chương trình Anh trai say hi.
HIEUTHUHAI bình luận: ""Nhóm này bị dư visual rồi"". Các anh trai Song Luân, Lou Hoàng và Hải Đăng Doo cũng ủng hộ nhiệt huyết cho MOPIUS.
Tuy nhiên, màn ra mắt của MOPIUS gây ra nhiều tranh cãi. Nguyên nhân là vì nhóm nhạc này thành lập thay cho đội hình ""Anh trai Best5"" vốn công bố trước đó.
Danh sách top 5 Anh trai say hi ban đầu gồm HIEUTHUHAI, Quang Anh Rhyder, Quang Hùng MasterD, Đức Phúc và Issac khiến người hâm mộ thắc mắc.
Dù đã vài tháng trôi qua và tổ chức hai buổi concert, nhóm nhạc trưởng thành từ Anh trai say hi vẫn chưa lần nào đứng chung sân khấu, trái với mục đích ban đầu là thành lập một nhóm nhạc.
Nhiều cư dân mạng bày tỏ nỗi thất vọng khi chi một khoản tiền lớn để bình chọn cho những cái tên như HIEUTHUHAI và Quang Anh Rhyder, nhưng cuối cùng lại không thấy họ hát chung.
Trước tranh cãi đó, công ty quản lý của MOPIUS - Nomad MGMT Vietnam phản hồi: “Sự ra đời của MOPIUS không nằm trong dự định của chương trình Anh trai say hi và chúng tôi chỉ mong muốn MOPIUS sẽ là làn gió mới với thị trường âm nhạc trong nước.
Cả 4 bạn đều toàn năng và có cá tính riêng độc đáo, cùng với sự hỗ trợ của NOMAD MGMT Vietnam, có thể tạo ra nhiều sự bất ngờ thú vị. Song song với hoạt động nhóm, các thành viên MOPIUS cũng sẽ tiếp tục sự nghiệp solo riêng"".
Hiện tại người hâm mộ đang chờ đợi liệu MOPIUS có trình làng ca khúc đầu tay tại concert Anh trai say hi sắp tới, diễn ra tại sân vận động Mỹ Đình (Hà Nội) vào ngày 7-12.",https://cdn.tuoitre.vn/thumb_w/730/471584752817336320/2024/11/27/image001-1970-1727922224-17326756727321494176099.jpg
Chủ tịch Quảng Ngãi chỉ đạo xử lý 3 bồn chứa khí nguy hiểm dạt vào bờ biển,Chủ tịch UBND tỉnh Quảng Ngãi chỉ đạo các cơ quan vào cuộc vụ ba bồn chứa khí có cảnh báo nguy hiểm dạt vào bờ biển huyện Bình Sơn.,"Ngày 27-11, UBND tỉnh Quảng Ngãi phát hành văn bản nêu rõ ý kiến chỉ đạo của ông Nguyễn Hoàng Giang - chủ tịch UBND tỉnh - liên quan đến ba bồn chứa khí có cảnh báo nguy hiểm trôi dạt vào bờ biển thôn Lệ Thủy, xã Bình Trị, huyện Bình Sơn.
Theo đó, chủ tịch UBND tỉnh Quảng Ngãi giao Sở Công Thương chủ trì, phối hợp Bộ Chỉ huy quân sự tỉnh, Công an tỉnh... khẩn trương khảo sát, đánh giá và sớm có phương án xử lý tiếp theo nhằm đảm bảo an toàn cho người và công trình gần khu vực phát hiện ba bồn chứa khí có cảnh báo nguy hiểm nêu trên.
Chủ tịch UBND tỉnh Quảng Ngãi đề nghị đặc biệt lưu ý bảo vệ an toàn đối với Nhà máy lọc dầu Dung Quất trước nguy cơ mất an toàn do vật thể lạ trôi dạt.
Để đảm bảo an toàn tính mạng cho người dân, ông Giang yêu cầu cơ quan chức năng không cho người dân đến gần khu vực đang cột neo ba bồn chứa khí trên.
Cùng với đó, các cơ quan khẩn trương tìm chủ sở hữu cũng như nguồn gốc xuất xứ của ba bồn chứa khí.
Trước đó ngày 24-11, chiến sĩ Đồn biên phòng Bình Thạnh (Bộ chỉ huy Bộ đội biên phòng Quảng Ngãi) tuần tra kiểm soát khu vực biển qua thôn Lệ Thủy, xã Bình Trị, huyện Bình Sơn đã cùng người dân phát hiện ba bồn kim loại màu trắng, hình trụ tròn, kích thước 6 x 2,5m, trôi dạt vào bờ biển.
Nhìn bề ngoài, ba bồn này còn khá mới, trên thân bồn có in tên và logo của một công ty sản xuất container và bồn chứa chất lỏng nổi tiếng ở Trung Quốc cùng tên các công ty kinh doanh và cho thuê bồn chứa này.
Ba bồn chứa trôi dạt vào bờ biển được cố định vào một khung thép lớn. Trên thân mỗi bồn có gắn van bơm, ống xả, đồng hồ đo áp suất.
Thời điểm phát hiện, trên thân mỗi bồn đều có niêm phong kẹp chì, ký hiệu cảnh báo nguy hiểm.
Sau khi kiểm tra, Đồn biên phòng Bình Thạnh đã huy động người dân địa phương dùng dây neo buộc cố định các bồn này vào thân đê, đề phòng chúng tiếp tục bị sóng lớn đánh trôi dạt trên biển gây nguy hiểm cho các công trình và tàu thuyền hoạt động.
Ngoài ba bồn chứa trên, bộ đội biên phòng và người dân địa phương còn phát hiện một sà lan bị sóng đánh lật úp cách các bồn chứa khí khoảng 300m. Nhưng do thời tiết bất lợi, sóng lớn nên lực lượng chức năng chưa tiếp cận, kiểm tra sà lan này.",https://cdn.tuoitre.vn/thumb_w/730/471584752817336320/2024/11/27/chu-tich-tinh-chi-dao-xy-ly-ba-bon-chua-khi-co-bien-nguy-hiem-troi-dat-vao-bo-bien-quang-ngai-5-17326756007221833385774.jpg
"Huấn luyện viên đi dép tổ ong, dạy bóng đá miễn phí cho trẻ em nghèo","Lớp bóng đá miễn phí của ông Lê Đức Hùng (49 tuổi, ở xã Ninh Thượng, thị xã Ninh Hòa, tỉnh Khánh Hòa) nhiều năm qua trở thành nơi ươm mầm đam mê bóng đá cho trẻ em ở địa phương.","Trong trang phục giản dị, chân đi dép tổ ong, huấn luyện viên bóng đá miền quê này đã dạy cho hàng trăm em nhỏ yêu môn thể thao vua.
Ông Hùng quê ở TP Tuy Hòa (Phú Yên). Nhiều năm trước, vì cuộc sống gia đình khó khăn, ông rời quê để đi kiếm sống ở nhiều nơi.
Cuối cùng ông chọn vùng quê nghèo Ninh Thượng, trải qua nhiều công việc làm thuê, trồng trọt, từ đó ông sinh sống và lập gia đình tại đây.
Nhận thấy những đứa trẻ nơi đây, tuy hoàn cảnh nghèo khó nhưng rất yêu thích thể thao.
Thời điểm bấy giờ ở địa phương không có điều kiện tạo sân chơi cho trẻ, vậy nên ông Hùng đã mạnh dạn đi quanh làng vận động kinh phí, đồng thời xin xã cho mượn mảnh đất hoang không sử dụng để tự san ủi, hằng tháng trời ông đi gom từng cây cỏ mang về trồng, chăm sóc và tạo sân bóng cho các em.
Vào mùa khô ông tự tưới nước cho sân bóng, khi cỏ lên đều ông thuê các công nhân cắt cỏ để tạo sân bằng phẳng cho các em thi đấu. Bên trong ông thiết kế hệ thống chiếu sáng cho các bạn trẻ tập luyện vào ban đêm.
""Lúc đầu việc vận động kinh phí và kêu gọi các cháu đến tham gia rất khó khăn, vì bản thân mình không qua trường lớp đào tạo bài bản, lại không phải người dân gốc ở địa phương nên không nhận được sự tin tưởng ban đầu"" - ông Hùng chia sẻ
Thấm thoát đã hơn 10 năm, cho đến nay ông Hùng đã huấn luyện bóng đá miễn phí cho hơn 100 em nhỏ ở nhiều lứa tuổi, nhiều em đến nay đã trưởng thành, một số em có tham gia các hoạt động thể thao ở nhiều câu lạc bộ, trường học, trong đó có các em hiện đang thi đấu cho U19 Khánh Hòa, U17 của Học viện Phù Đổng.
Để duy trì lớp học bóng đá này trong nhiều năm, không thể thiếu đi tinh thần kỷ luật cao trong huấn luyện của ông Hùng.
Công việc huấn luyện của ông Hùng bắt đầu từ sáng sớm, ông cho các học viên học và tập luyện các bài tập liên quan đến thể lực.
Vào buổi chiều, ông tổ chức dạy các kỹ thuật căn bản trong bóng đá, cho các em tập luyện để nâng cao trình độ.
Từ quá trình tập luyện, ông sẽ chọn lọc những cháu có tố chất, kỹ thuật tốt để kèm cặp, hướng dẫn. Khi các trung tâm đào tạo bóng đá có đợt tuyển quân, hoặc các giải đấu lớn nhỏ ở địa phương, ông sẽ làm thủ tục và đích thân đưa bọn trẻ đi dự thi.
Tham gia buổi tập hằng ngày ở sân bóng, em Lê Ngọc Xuân Quỳnh (14 tuổi) cho biết hằng ngày sau giờ học đều có mặt ở sân bóng cùng các bạn tập luyện.
Quỳnh kể ở làng hầu hết các bạn nhỏ đều có hoàn cảnh khó khăn, nên việc có một sân chơi, vừa có thể rèn luyện sức khỏe, vừa thỏa niềm đam mê với bóng đá là một niềm vui với các bạn ở đây.
""Những bài tập của thầy Hùng tuy đơn giản nhưng hiệu quả, thầy rất đề cao kỷ luật khi luyện tập nên các bạn đều chăm chỉ tập luyện và tiến bộ hằng ngày"" - Quỳnh chia sẻ.
Ông Ngô Xuân Đại - chủ tịch UBND xã Ninh Thượng -  cho biết ông Hùng xuất thân là gia đình thuần nông, nhưng cá nhân ông có những đóng góp tích cực cho phong trào thể thao ở địa phương.
""Về phía địa phương luôn có sự khen thưởng cho cá nhân ông, địa phương cũng sẽ tiếp tục tạo điều kiện tốt nhất cho ông Hùng ươm mầm cho tài năng trẻ theo đuổi đam mê với bộ môn bóng đá"" - ông Đại nói.",https://cdn.tuoitre.vn/thumb_w/730/471584752817336320/2024/11/26/hlv2-1732634293557203279005.jpg
Kiến tạo trải nghiệm nghỉ dưỡng tôn vinh di sản,"Hiện nay, phân khúc du khách hạng sang đang ngày càng quan tâm đến khám phá và trải nghiệm mang đậm dấu ấn văn hóa bản địa.","
Xu hướng ấy đề ra một bối cảnh vừa thách thức vừa hấp dẫn cho các khu nghỉ dưỡng cao cấp trên hành trình chinh phục sự kỳ vọng của lớp khách hàng tinh hoa, đồng thời bứt phá đổi mới để nâng tầm tiêu chuẩn nghỉ dưỡng trên toàn thế giới.
Sự kiện thường niên Taste Studio của khu nghỉ dưỡng Regent Phú Quốc liên tục nhận được sự quan tâm của những khách hàng sành sỏi, nghệ sĩ và báo chí quốc tế trong hai năm gần đây.
Tọa lạc tại đảo ngọc xinh đẹp, khu nghỉ dưỡng không chỉ vượt kỳ vọng về thiết kế sang trọng và cung cách dịch vụ, mà còn tỏa sáng bởi sự sáng tạo trong công cuộc kiến tạo trải nghiệm tôn vinh văn hóa di sản.
Là điểm nhấn tâm điểm của thương hiệu Regent Hotels & Resorts, sự kiện Taste Studio quy tụ tinh hoa từ các đầu bếp tài hoa đến nghệ thuật gia trong những lĩnh vực sáng tạo - từ nhà thiết kế thời trang đến nhà sản xuất phim và nhạc sĩ, kết hợp với các thương hiệu hàng đầu như Vietnam Airlines - tại một không gian đầy cảm hứng để mang đến cuộc phiêu lưu đa giác quan thông qua ẩm thực.
""Mỗi Taste Studio là một trải nghiệm ẩm thực độc đáo diễn ra như một câu chuyện hấp dẫn: mở đầu đầy mê mẩn, tình tiết ly kỳ và kết thúc ngoài sức tưởng tượng"".
Gây ấn tượng liên tục từ lần ra mắt vào tháng 4 và tháng 11-2023, trong năm nay, hành trình mỹ vị kết hợp nghệ thuật độc nhất vô nhị tại khu nghỉ dưỡng trở lại với chủ đề ""Dáng hình của biển"" đầy mê hoặc.
Diễn ra từ ngày 7 đến 9-11, sự kiện được diễn giải qua bảy chương đặc sắc, đưa thực khách vào chuỗi khám phá về vẻ đẹp của biển cả qua lăng kính của các nghệ sĩ tài hoa. Tất cả cộng hưởng trọn vẹn, vén màn một chuyến du hành đầy rung động, lột tả mối liên kết sâu lắng và bất diệt giữa con người và tạo hóa.
Đồng thời lấy cảm hứng từ đại dương sâu thẳm, Taste Studio lần này cho ra mắt nhà hàng độc bản mang hình hài của loài ốc biển, được thiết kế và hoàn thiện bởi kiến trúc sư Nguyễn Trung Nghĩa.
Ẩn chứa nhiều tâm huyết sáng tạo kỳ công, đây là điểm chạm nghệ thuật cảm tác theo dòng suy niệm hoài cổ của nghệ sĩ Trung Nghĩa giữa bối cảnh đương đại.
Đội ngũ đã đem mây tre, luồng, tầm vông chế tác thành từng mảnh tường, bức vách, mái che... điểm tô phần trần bằng các chi tiết ""hoa gốm"" xuất xứ Biên Hòa, khéo léo mang chất liệu thanh nhã từ làng quê bình dị vào trong bức tranh biển trời non nước.
Tọa lạc trên bờ cát trắng, công trình này tựa như viên ngọc ngự trị giữa hải đảo thanh bình, được ấp ôm giữa thanh âm của ngàn khơi sóng nước.
Qua ba lần tổ chức thành công, sự kiện sẽ còn âm vang mãi về sau, khi mỹ thực khơi nguồn cho xúc cảm miên man trao gửi những sẻ chia đầy mỹ cảm và ý nhị.
Sự sắp đặt tài tình và công phu của những nghệ nhân ẩm thực và nghệ sĩ mở ra một chuyến phiêu lưu cảm thụ vị giác và thị giác thật trọn vẹn cho tất cả tín đồ ẩm thực và mộ điệu.
Trên chặng đường nối dài di sản, Regent Phú Quốc mong muốn được tiếp tục kiến tạo những chuỗi trải nghiệm không tưởng đưa những nét bản địa đặc sắc của Việt Nam vươn tầm trên bản đồ thế giới, chinh phục lớp khách hàng hạng sang và giới chuyên gia sành sỏi, đánh dấu một hành trình trọn vẹn từ quá trình nghỉ dưỡng đến trải nghiệm thưởng thức nghệ thuật.",https://cdn.tuoitre.vn/thumb_w/730/471584752817336320/2024/11/25/photo-1732539766504-17325397742701242219211.jpg
Nam thanh niên bị điện giật ngưng tim 60 phút được cứu sống ngoạn mục,"Leo lên sửa mái tôn, anh D. (Đà Nẵng) bị điện giật chỉ kịp hét lên một tiếng rồi ngã xuống, ngưng tim 60 phút nhưng anh vẫn hồi sinh ngoạn mục.","Bệnh viện Đà Nẵng xác nhận vừa cứu sống một nam thanh niên bị điện giật ngừng tim, ngừng thở 60 phút.
Ngày 27-11, trao đổi với Tuổi Trẻ Online, anh D. (26 tuổi, trú tại quận Sơn Trà, TP Đà Nẵng) kể lại mình không thể nhớ được khoảnh khắc bị điện giật và từ cõi chết trở về. Chỉ khi anh hồi tỉnh, người thân và y bác sĩ kể lại, anh đặt tay lên ngực cảm nhận những nhịp tim vẫn đang đập, vỡ òa hạnh phúc.
""Tôi biết ơn các y bác sĩ đã đưa tôi từ cõi chết trở về. Biết ơn người thân và bà con hàng xóm đã giúp tôi giành lại sự sống. Tôi đã được tái sinh, thật quá may mắn"", anh D. nói.
Người nhà anh D. cho biết khoảng 16h ngày 24-10, anh D. leo lên sửa lại mái tôn bị gió quật. Vì trời mưa khiến mái tôn ướt bị nhiễm điện. Anh D. bị điện giật hét lên ngã xuống trên mái nhà. Nghe tiếng hét, người thân và hàng xóm xung quanh ngắt nguồn điện và gọi cấp cứu.
Bệnh viện Đà Nẵng cho biết khi xe cấp cứu đến hiện trường, anh D. ngừng tim, ngừng thở. Các y bác sĩ tiến hành cấp cứu ngưng tuần hoàn, đặt nội khí quản, bóp bóng liên tục trong vòng 20 - 25 phút, chuyển đến khoa cấp cứu tại bệnh viện.
Khoảng 16h45, tại khoa cấp cứu vẫn ghi nhận chưa có tuần hoàn trở lại. Bệnh nhân được tiếp tục cấp cứu, ép tim, bóp bóng qua nội khí quản. Khoa hồi sức tích cực - chống độc nhanh chóng khởi động quy trình báo động đỏ cấp cứu ngừng tuần hoàn ECMO (trao đổi oxy qua màng ngoài cơ thể).
Bệnh nhân được cấp cứu ngừng tuần hoàn nâng cao vào khoa hồi sức tích cực. Tại đây huy động ê kíp gồm khoa hồi sức tích cực - chống độc, khoa ngoại tim mạch, đơn vị phòng mổ thuộc khoa gây mê hồi sức, kết nối V-A ECMO (ECMO tĩnh mạch - động mạch) trong vòng 10 - 15 phút.
Theo bác sĩ CKII Bùi Văn Dung, trưởng ê kíp thực hiện ECMO cho bệnh nhân, thời gian bệnh nhân ngừng tim từ hiện trường đến khi thực hiện được kỹ thuật ECMO trong vòng 60 phút.
Bác sĩ Dung cho biết tại khoa hồi sức tích cực chống độc, bệnh nhân biểu hiện tình trạng rất nặng: suy tuần hoàn cấp, suy hô hấp cấp, tổn thương thiếu oxy não sau ngừng tuần hoàn, hiện tượng thoát dịch ra khỏi lòng mạch nặng, tổn thương đa cơ quan.
Bệnh nhân được điều trị tất cả biện pháp hồi sức tích cực hiện đại nâng cao và các đa điều trị hỗ trợ, được hội chẩn điều trị toàn viện nhiều chuyên khoa. Sự quyết liệt khởi động nhanh quy trình cấp cứu ngừng tuần hoàn ECMO và chỉ đạo của lãnh đạo bệnh viện…
Sau hơn 100 giờ hồi sức tích cực, bệnh nhân phục hồi tuần hoàn, cai được V-A ECMO và tiếp tục được điều trị nội khoa tích cực. Hiện sau hơn 10 ngày điều trị, bệnh nhân cải thiện hô hấp cai thở máy và được rút nội khí quản.
Nói về ca ngưng tim 60 phút được cứu sống, bác sĩ CKII Hà Sơn Bình, trưởng khoa hồi sức tích cực - chống độc, cho biết: ""Đây là ca bệnh rất nặng, tưởng chừng như hết hy vọng ở giai đoạn 24 giờ đầu tiên. Nhưng với sự quyết tâm toàn bệnh viện, đã dùng mọi biện pháp hiện đại nhất của chuyên ngành hồi sức tích cực chống độc.
Chúng tôi chạy đua với biến chứng bệnh từng giờ, từng phút. Cuối cùng bệnh nhân được hồi sinh ngoạn mục từ cõi chết và tình trạng bệnh nhân sau 2 tuần điều trị cải thiện tốt các chức năng, được chuyển qua khoa bệnh nhẹ theo dõi và đánh giá cho xuất viện sớm"".
",https://cdn.tuoitre.vn/thumb_w/730/471584752817336320/2024/11/27/base64-17326752435691982151736.jpeg
Một ‘ông lớn’ ngành thời trang ngoại 'ngược chiều gió thổi',"Trong khi nhiều thương hiệu thời trang 'hụt hơi' rút khỏi thị tường, Uniqlo vẫn tự tin chia sẻ kế hoạch mở rộng mạnh mẽ tại Việt Nam trong thời gian tới.","Mới đây, Uniqlo - thương hiệu bán lẻ thời trang toàn cầu đến từ Nhật Bản - vừa tổ chức sự kiện mừng 5 năm hiện diện của thương hiệu tại Việt Nam.
Nhân dịp này, Uniqlo thông báo sắp khai trương cửa hàng đầu tiên tại trung tâm thương mại Vincom Biên Hòa (TP Biên Hòa, tỉnh Đồng Nai) vào cuối năm nay. Đồng thời thương hiệu cũng tiết lộ kế hoạch mở rộng ra miền Trung với cửa hàng đầu tiên tại Huế vào năm 2025, hoàn thiện hệ thống cửa hàng bán lẻ trải khắp ba miền Bắc - Trung - Nam.
Như vậy tính cả cửa hàng tại Biên Hòa sắp mở, Uniqlo đã mở mới tổng cộng 6 điểm bán mới trong năm nay, nâng tổng số cửa hàng lên 27, chỉ sau 5 năm có mặt tại Việt Nam.
Dù thị trường thời trang toàn cầu đang đối mặt với nhiều khó khăn, Uniqlo vẫn ghi nhận kết quả tích cực từ hoạt động bán hàng từ trực tiếp tới trực tuyến. Chỉ tính riêng trên nền tảng ứng dụng Uniqlo, thương hiệu ghi nhận lượng người dùng tăng trưởng 140% so với năm ngoái.
Theo ông Nishida Hideki, tổng giám đốc Uniqlo Việt Nam, thương hiệu rất may mắn khi được người tiêu dùng Việt Nam yêu thích. Nhiều sản phẩm nổi bật như áo khoác chống nắng UV Protection, áo Heattech giữ nhiệt cho mùa lạnh... nhận được phản hồi tích cực từ người tiêu dùng.
Báo cáo tài chính năm 2024 của Fast Retailing - công ty mẹ của Uniqlo - cho thấy sự tăng trưởng mạnh mẽ tại các thị trường Đông Nam Á, Ấn Độ và Úc, góp phần vào kết quả lợi nhuận kỷ lục hơn 500 tỉ yen (khoảng 3,55 tỉ USD), tăng 31% so với năm trước đó.
Tổng giám đốc Uniqlo Việt Nam đánh giá một trong những yếu tố quan trọng dẫn đến thành công của Uniqlo tại Việt Nam là chiến lược gia tăng tỉ lệ sản phẩm ""Made in Vietnam"".
Theo đó hơn 60% sản phẩm bán tại các cửa hàng Uniqlo tại Việt Nam hiện được sản xuất trong nước, tăng so với mức hơn 50% của năm ngoái. Theo ông Nishida Hideki, điều này giúp thương hiệu đáp ứng nhanh hơn yêu cầu của người tiêu dùng.
""Chúng tôi sẽ tiếp tục nâng tỉ lệ nội địa hóa trong các năm tới, không chỉ vì giúp ổn định nguồn cung mà còn thúc đẩy sự phát triển của ngành dệt may nội địa"", tổng giám đốc Uniqlo Việt Nam nhấn mạnh.
Bên cạnh đó, Uniqlo đặc biệt chú trọng phát triển bền vững thông qua việc nuôi dưỡng nhân tài địa phương. Hiện nay 74% cửa hàng trưởng và quản lý cấp khu vực của Uniqlo tại Việt Nam là người Việt. Thương hiệu cũng cam kết mở rộng chương trình tuyển dụng và đào tạo nhân viên người khuyết tật, với mục tiêu đạt 1% tổng số nhân viên vào năm 2025.
Với thông điệp ""Cảm ơn Việt Nam - Luôn vẹn tin yêu"", Uniqlo sẽ tiếp tục tổ chức chuỗi hoạt động tri ân khách hàng từ ngày 29-11 đến 5-12, mang đến nhiều quà tặng hấp dẫn tại các cửa hàng bán lẻ và cửa hàng trực tuyến.",https://cdn.tuoitre.vn/thumb_w/730/471584752817336320/2024/11/27/tong-giam-doc-uniqlo-viet-nam-ong-nishida-hideki-gui-loi-cam-on-den-tat-ca-khach-hang-doi-tac-da-dong-hanh-cung-uniqlo-trong-5-nam-qua-1732672583729168911696.jpg
Miền Tây đua làm hồ trữ nước,"Lo ngại tình trạng hạn hán và nước mặn xâm nhập, thời gian gần đây các tỉnh vùng ĐBSCL đồng loạt làm hồ trữ nước ngọt, nhất là các tỉnh giáp biển như Tiền Giang, Bến Tre, Trà Vinh...","Cuối tháng 11-2024, những đợt mưa thưa dần. Thay vào đó là những đợt nắng nóng kéo dài, báo hiệu một mùa khô sắp đến với các tỉnh vùng ĐBSCL. Trên công trường xây dựng hồ chứa nước ngọt Lạc Địa (huyện Ba Tri, tỉnh Bến Tre), các nhóm thợ đang miệt mài thi công.
Ông Nguyễn Văn Điền - giám đốc Ban Quản lý dự án đầu tư xây dựng các công trình NN&PTNT tỉnh Bến Tre (chủ đầu tư) - cho biết công trình khởi công từ cuối năm 2022 và dự kiến sẽ được đưa vào sử dụng trong năm 2025. Đến nay hạng mục chính là hồ chứa nước đã cơ bản hoàn thành, có thể đáp ứng được nhu cầu trữ nước ngay trong năm nay.
Không phải ngẫu nhiên mà tỉnh Bến Tre chọn huyện Ba Tri để làm hồ chứa nước đầu tiên vào năm 2017. Trong mùa khô 2015 - 2016, nước mặn bao phủ toàn tỉnh Bến Tre. Riêng huyện Ba Tri nằm giáp biển, diện tích lúa, cây trồng và gia súc chủ yếu dựa vào nguồn nước ngọt nên bị thiệt hại nặng nề nhất.
Ngay sau đó tỉnh Bến Tre đã chi 85 tỉ đồng để xây dựng hồ chứa nước ngọt đầu tiên trên tuyến kênh Lấp (tuyến kênh đào có từ khoảng năm 1900) với chiều dài 7km. Hồ chứa nước nhân tạo này có sức chứa hơn 800.000m3 nước, đủ để phục vụ sinh hoạt, sản xuất trong khoảng 6 tháng mùa khô cho khoảng 200.000 người dân, hơn 13.000ha đất nông nghiệp tại địa phương.
Đây cũng là hồ chứa nước ngọt đầu tiên và lớn nhất của vùng ĐBSCL tại thời điểm đó, mở ra thời kỳ đầu tư hồ chứa nước ngọt để ứng phó với hạn, mặn ở miền Tây. Đến năm 2022, UBND tỉnh Bến Tre đã cho khởi công dự án xây dựng hồ chứa nước ngọt Lạc Địa với diện tích khoảng 124ha, tổng vốn hơn 352 tỉ đồng.
Chỉ riêng huyện Ba Tri, tỉnh Bến Tre thời gian tới sẽ có hơn 3 triệu m3 nước ngọt để phục vụ người dân trong mùa khô.
Tại buổi lễ khởi công làm hồ chứa nước ngọt dọc bờ sông Láng Thé (huyện Càng Long) mới đây, ông Nguyễn Trung Hoàng - phó chủ tịch UBND tỉnh Trà Vinh - đặt mục tiêu dự án sẽ bảo đảm an ninh nguồn nước, cấp nước ngọt cho sản xuất, sinh hoạt, công nghiệp và dịch vụ cho một số địa phương trong điều kiện biến đổi khí hậu, nước biển dâng ngày càng diễn biến khó lường.
Dự án có sức chứa hơn 10 triệu m3 nước, với tổng vốn hơn 1.330 tỉ đồng. Trong đó vốn ngân sách tỉnh trên 1.189 tỉ đồng, còn lại là vốn ngân sách trung ương hơn 141 tỉ đồng, dự kiến hoàn thành tháng 4-2026.
Trong khi đó, theo ông Nguyễn Đức Thịnh - phó giám đốc Sở NN&PTNT tỉnh Tiền Giang, địa phương này đang xây dựng báo cáo đề xuất dự án xây dựng hồ trữ nước ngọt ở huyện Gò Công Tây, thành phố Gò Công, huyện Gò Gông Đông và huyện Tân Phú Đông. Đây là vùng đã từng xảy ra tình trạng thiếu nước sản xuất, sinh hoạt trong mùa khô 2024.
Cà Mau cũng vừa đưa vào sử dụng hồ chứa nước ngọt tại huyện U Minh. Sau nhiều lần điều chỉnh vốn, công trình hồ chứa có dung tích hơn 3,8 triệu m3 này có tổng vốn cuối cùng là 248 tỉ đồng.
Hồ chứa nước ngọt tỉnh Cà Mau được kỳ vọng sẽ cung cấp nước sinh hoạt cho 11.000 hộ dân ở huyện U Minh, Trần Văn Thời, đồng thời trữ nước phục vụ dự phòng chữa cháy rừng, sản xuất nông nghiệp trong vùng.
Thạc sĩ Nguyễn Hữu Thiện - chuyên gia về sinh thái ĐBSCL - khẳng định xu thế đầu tư hồ trữ nước ngọt tại các tỉnh ven biển là đúng đắn. Tuy nhiên quá trình thực hiện cần phải lưu ý nhiều vấn đề về kỹ thuật. Bởi đã có những bài học được rút ra từ một số công trình hồ trữ nước, ví dụ như hồ trữ nước kênh Lấp (Bến Tre) bị nhiễm mặn sau khi đưa vào sử dụng.
Theo đó, cần cân nhắc giữa việc làm nhiều công trình nhỏ phân tán và một công trình lớn tập trung. Bởi công trình lớn có thể tiện lợi cho việc quản lý, lắp đặt nhà máy xử lý nước nhưng khoảng cách đến nhiều người dùng nước phân bố phân tán có thể xa và tốn kém, làm tăng giá thành của nước.
Ngoài ra cần tính đến lượng thất thoát nước thông qua quá trình bốc hơi bề mặt và thấm xuống đất.
Theo tính toán, vào mùa khô nước bốc hơi ít nhất là 5 - 6mm/ngày, tức trong 6 tháng mùa khô đã mất gần 1m nước. Còn lượng thất thoát do thấm ngang, thấm dọc sẽ rất lớn nếu đất có hàm lượng cát nhiều, đặc biệt là vùng ven biển. Do đó quá trình thiết kế, thi công cần tính toán kỹ lượng nước để bù bốc hơi, thấm.
Đặc biệt đất ven biển có thể có hàm lượng cát nhiều dễ thấm, khi làm ao hồ sâu để trữ nước có thể gặp phải thủy cấp mặn và có khả năng bị mặn thấm ngược vào trong.
Cuối cùng là cần phải rạch ròi giữa nguồn nước cho sinh hoạt và nguồn nước cho sản xuất. Công trình trữ nước cho sản xuất khó có thể đáp ứng tiêu chuẩn cho nước sinh hoạt vì có thể bị ô nhiễm từ các hoạt động sản xuất.",https://cdn.tuoitre.vn/thumb_w/730/471584752817336320/2024/11/26/anhho-1-read-only-1732634160170135033216.jpg
